+/référence,commande,produit,quantité,option montage
l005-04,c005,p04,2,false
l005-01,c005,p01,4,false
l005-08,c005,p08,2,false
l005-02,c005,p02,4,false
l004-06,c004,p06,1,false
l004-07,c004,p07,1,false
l002-07,c002,p07,1,true
l003-06,c003,p06,2,false
l001-01,c001,p01,4,false
l003-01,c003,p01,2,false
l003-09,c003,p09,1,true
l003-07,c003,p07,1,true
l001-02,c001,p02,4,false
l001-04,c001,p04,1,false
l001-05,c001,p05,1,true
l006-14,c006,p14,1,false
l006-02,c006,p02,2,false
l006-07,c006,p07,1,false
l007-04,c007,p04,1,true
l008-20,c008,p20,2,true
l008-15,c008,p15,1,false
l008-12,c008,p12,1,false
l009-12,c009,p12,1,false
l009-07,c009,p07,1,false
l009-06,c009,p06,1,true
l010-11,c010,p11,1,true
l011-02,c011,p02,1,false
l010-12,c010,p12,2,false
l012-13,c012,p13,1,true
l012-02,c012,p02,2,false
l012-07,c012,p07,2,false
l012-17,c012,p17,1,false
l013-15,c013,p15,1,true
l014-22,c014,p22,2,true
l015-02,c015,p02,2,false
l016-04,c016,p04,1,true
l017-20,c017,p20,2,false
l018-07,c018,p07,2,false
l018-06,c018,p06,1,true
l019-17,c019,p17,1,false
l019-21,c019,p21,1,true
l019-02,c019,p02,2,false
l019-16,c019,p16,1,true
l019-03,c019,p03,1,false
l019-01,c019,p01,2,false
l019-20,c019,p20,2,true
l020-16,c020,p16,2,false
l020-12,c020,p12,1,false
l020-08,c020,p08,5,true
l021-19,c021,p19,2,false
l021-04,c021,p04,1,false
l022-20,c022,p20,1,true
l022-07,c022,p07,1,true
l023-06,c023,p06,2,false
l023-19,c023,p19,2,false
l023-09,c023,p09,1,false
l024-06,c024,p06,1,true
l024-15,c024,p15,1,true
l025-11,c025,p11,2,false
l026-10,c026,p10,1,false
l028-09,c028,p09,1,false
l029-14,c029,p14,1,true
l030-02,c030,p02,1,false
l031-10,c031,p10,2,false
l027-14,c027,p14,2,false
l027-15,c027,p15,1,false
l027-18,c027,p18,1,true
l030-06,c030,p06,1,true
l030-19,c030,p19,1,false
l031-04,c031,p04,1,true
l031-01,c031,p01,1,false
l031-15,c031,p15,2,false
l032-05,c032,p05,1,true
l032-01,c032,p01,1,false
l033-07,c033,p07,1,false
l034-11,c034,p11,10,false
l035-15,c035,p15,2,true
l036-21,c036,p21,6,false
l037-02,c037,p02,4,false
l039-07,c039,p07,1,true
l040-16,c040,p16,1,true
l040-21,c040,p21,2,false
l038-18,c038,p18,1,true
l041-07,c041,p07,2,true
l042-08,c042,p08,1,false
l043-19,c043,p19,1,false
l044-17,c044,p17,1,false
l045-12,c045,p12,2,false
l046-22,c046,p22,2,true
l047-05,c047,p05,2,true
l047-06,c047,p06,1,false
l048-05,c048,p05,2,false
l049-18,c049,p18,2,false
l049-10,c049,p10,2,false
l050-22,c050,p22,1,false
l049-13,c049,p13,1,false
l050-15,c050,p15,2,false
l051-17,c051,p17,1,false
l051-03,c051,p03,6,false
l052-04,c052,p04,1,true
l053-13,c053,p13,2,true
l055-19,c055,p19,1,false
l056-13,c056,p13,2,true
l057-18,c057,p18,1,false
l058-04,c058,p04,1,true
l059-01,c059,p01,4,false
l060-21,c060,p21,2,true
l061-01,c061,p01,2,false
l062-02,c062,p02,6,false
l063-03,c063,p03,2,false
l064-06,c064,p06,1,false
l065-05,c065,p05,1,true
l066-18,c066,p18,2,true
l067-09,c067,p09,1,false
l068-14,c068,p14,2,false
l069-17,c069,p17,2,false
l067-10,c067,p10,2,true
l067-01,c067,p01,1,false
l070-10,c070,p10,1,true
l071-16,c071,p16,1,false
l072-08,c072,p08,2,false
l074-05,c074,p05,2,true
l075-06,c075,p06,1,true
l073-21,c073,p21,1,false
l076-11,c076,p11,1,true
l076-20,c076,p20,2,true
l075-19,c075,p19,1,false
l074-03,c074,p03,1,false
l077-21,c077,p21,2,false
l078-20,c078,p20,1,true
l079-09,c079,p09,1,true
l081-21,c081,p21,2,true
l081-19,c081,p19,1,false
l081-14,c081,p14,2,false
l081-22,c081,p22,1,true
l081-04,c081,p04,1,false
l081-08,c081,p08,1,false
l081-10,c081,p10,2,true
l082-16,c082,p16,1,true
l083-19,c083,p19,1,false
l083-02,c083,p02,1,false
l084-14,c084,p14,1,false
l085-10,c085,p10,1,false
l054-04,c054,p04,1,false
l054-21,c054,p21,1,true
l072-18,c072,p18,1,true
l086-20,c086,p20,1,true
l087-03,c087,p03,1,false
l088-07,c088,p07,1,false
l090-06,c090,p06,1,false
l091-07,c091,p07,2,false
l093-21,c093,p21,1,false
l094-06,c094,p06,2,false
l092-02,c092,p02,1,false
l096-02,c096,p02,2,false
l096-11,c096,p11,1,false
l098-09,c098,p09,2,false
l099-18,c099,p18,2,false
l097-17,c097,p17,1,false
l096-12,c096,p12,2,false
l099-08,c099,p08,2,false
l100-09,c100,p09,1,true
l101-04,c101,p04,1,true
l095-02,c095,p02,1,false
l089-12,c089,p12,1,false
l102-14,c102,p14,1,false
l103-16,c103,p16,1,false
l104-20,c104,p20,1,false
l106-01,c106,p01,1,false
l107-13,c107,p13,1,false
l108-03,c108,p03,2,false
l109-09,c109,p09,1,false
l110-18,c110,p18,1,false
l112-12,c112,p12,1,false
l113-17,c113,p17,1,false
l114-07,c114,p07,1,true
l115-02,c115,p02,1,false
l116-05,c116,p05,1,false
l117-11,c117,p11,1,true
l118-20,c118,p20,1,false
l121-21,c121,p21,1,true
l122-10,c122,p10,1,false
l123-14,c123,p14,2,true
l124-06,c124,p06,1,true
l125-16,c125,p16,1,true
l127-15,c127,p15,2,true
l124-15,c124,p15,1,true
l120-19,c120,p19,2,false
l119-08,c119,p08,2,false
l126-22,c126,p22,1,true
l128-05,c128,p05,2,true
l128-18,c128,p18,2,true
l130-16,c130,p16,1,false
l131-11,c131,p11,1,true
l132-11,c132,p11,2,false
l133-13,c133,p13,2,false
l134-07,c134,p07,1,true
l135-19,c135,p19,2,false
l137-07,c137,p07,1,false
l139-05,c139,p05,1,true
l137-11,c137,p11,1,false
l136-02,c136,p02,1,false
l141-19,c141,p19,1,false
l138-17,c138,p17,2,false
l129-12,c129,p12,1,false
l129-19,c129,p19,2,false
l140-08,c140,p08,1,false
l142-14,c142,p14,1,true
l144-15,c144,p15,2,true
l145-13,c145,p13,2,true
l146-15,c146,p15,1,false
l147-10,c147,p10,2,true
l148-17,c148,p17,2,false
l149-22,c149,p22,1,false
l150-10,c150,p10,2,true
l151-17,c151,p17,2,false
l152-14,c152,p14,1,true
l153-21,c153,p21,4,true
l154-21,c154,p21,2,false
l150-09,c150,p09,2,true
l148-13,c148,p13,1,true
l155-13,c155,p13,1,true
l156-22,c156,p22,2,false
l157-12,c157,p12,2,false
l158-03,c158,p03,2,false
l155-03,c155,p03,1,false
l157-15,c157,p15,1,true
l156-07,c156,p07,1,false
l157-16,c157,p16,2,true
l159-17,c159,p17,1,false
l161-14,c161,p14,2,true
l162-06,c162,p06,1,false
l163-08,c163,p08,1,false
l164-02,c164,p02,2,false
l160-21,c160,p21,2,true
l167-15,c167,p15,1,true
l168-10,c168,p10,1,false
l165-02,c165,p02,2,false
l166-06,c166,p06,2,true
l166-07,c166,p07,2,true
l166-06,c166,p06,2,true
l169-19,c169,p19,2,false
l170-14,c170,p14,1,false
l171-08,c171,p08,1,false
l173-01,c173,p01,1,false
l172-10,c172,p10,2,true
l169-04,c169,p04,2,false
l169-14,c169,p14,1,true
l174-13,c174,p13,1,true
l175-07,c175,p07,1,false
l177-11,c177,p11,1,false
l178-02,c178,p02,1,false
l176-21,c176,p21,2,true
l179-17,c179,p17,1,false
l180-09,c180,p09,1,true
l182-13,c182,p13,1,true
l181-12,c181,p12,1,false
l184-20,c184,p20,1,false
l180-07,c180,p07,1,false
l180-16,c180,p16,1,true
l178-22,c178,p22,1,true
l178-03,c178,p03,2,false
l178-10,c178,p10,1,true
l183-07,c183,p07,1,true
l185-03,c185,p03,1,false
l186-14,c186,p14,2,false
l187-07,c187,p07,1,false
l188-16,c188,p16,2,true
l189-18,c189,p18,1,true
l190-11,c190,p11,1,true
l191-16,c191,p16,1,false
l192-13,c192,p13,1,true
l190-08,c190,p08,2,false
l193-14,c193,p14,1,false
l194-13,c194,p13,1,true
l195-11,c195,p11,2,true
l196-02,c196,p02,1,false
l197-13,c197,p13,1,false
l191-01,c191,p01,2,false
l190-06,c190,p06,2,true
l192-15,c192,p15,2,false
l198-12,c198,p12,1,false
l199-15,c199,p15,1,false
l200-12,c200,p12,1,false
l201-13,c201,p13,1,true
l202-08,c202,p08,2,false
l199-13,c199,p13,1,false
l201-16,c201,p16,1,false
l203-01,c203,p01,4,false
,,,,false
l204-10,c204,p10,1,true
l206-20,c206,p20,1,true
l205-10,c205,p10,1,false
l207-16,c207,p16,2,false
l208-08,c208,p08,2,false
l209-10,c209,p10,1,true
l210-09,c210,p09,2,false
l211-09,c211,p09,2,true
l212-11,c212,p11,1,true
l213-20,c213,p20,1,true
l216-13,c216,p13,1,false
l217-13,c217,p13,1,true
l214-16,c214,p16,1,true
l215-02,c215,p02,1,false
l210-22,c210,p22,1,false
l209-11,c209,p11,1,false
l208-03,c208,p03,2,false
l211-14,c211,p14,1,true
l218-20,c218,p20,2,false
l219-06,c219,p06,1,false
l220-20,c220,p20,2,true
l221-09,c221,p09,1,false
l219-04,c219,p04,2,false
l222-09,c222,p09,1,false
l223-02,c223,p02,2,false
l224-18,c224,p18,1,true
l225-20,c225,p20,1,true
l226-14,c226,p14,2,true
l228-13,c228,p13,1,false
l230-09,c230,p09,2,false
l231-09,c231,p09,2,true
l232-10,c232,p10,2,true
l233-19,c233,p19,1,false
l235-12,c235,p12,1,false
l236-22,c236,p22,2,false
l223-09,c223,p09,2,false
l224-12,c224,p12,1,false
l227-01,c227,p01,2,false
l229-03,c229,p03,1,false
l234-01,c234,p01,1,false
l237-12,c237,p12,1,false
l238-13,c238,p13,2,true
l239-09,c239,p09,1,false
l240-10,c240,p10,1,true
l242-20,c242,p20,1,false
l241-18,c241,p18,2,true
l239-13,c239,p13,1,true
l236-17,c236,p17,1,false
l244-20,c244,p20,1,false
l246-08,c246,p08,2,false
l247-21,c247,p21,1,false
l248-16,c248,p16,1,true
l249-02,c249,p02,2,false
l250-22,c250,p22,1,false
l251-22,c251,p22,2,true
l252-08,c252,p08,2,false
l253-17,c253,p17,1,false
l254-16,c254,p16,2,true
l255-11,c255,p11,2,false
l257-22,c257,p22,2,true
l258-12,c258,p12,2,false
l259-01,c259,p01,2,false
l260-01,c260,p01,1,false
l261-08,c261,p08,1,false
l262-03,c262,p03,1,false
l263-21,c263,p21,1,true
l264-08,c264,p08,1,false
l265-21,c265,p21,1,false
l256-01,c256,p01,2,false
l251-11,c251,p11,1,false
l251-10,c251,p10,1,true
l111-04,c111,p04,1,true
l111-14,c111,p14,1,false
l111-15,c111,p15,1,false
l111-10,c111,p10,1,true
l111-06,c111,p06,1,true
l243-21,c243,p21,1,false
l243-01,c243,p01,2,false
l245-13,c245,p13,2,true
l246-04,c246,p04,1,false
l245-21,c245,p21,2,false
l266-05,c266,p05,1,false
l266-13,c266,p13,1,true
l267-04,c267,p04,1,false
l267-12,c267,p12,2,false
l268-20,c268,p20,1,false
l268-17,c268,p17,1,false
l268-14,c268,p14,1,false
l268-10,c268,p10,2,true
l269-09,c269,p09,1,true
l269-12,c269,p12,2,false
l272-12,c272,p12,2,false
l273-03,c273,p03,1,false
l271-17,c271,p17,1,false
l270-10,c270,p10,2,false
l274-15,c274,p15,2,false
l278-22,c278,p22,1,false
l279-11,c279,p11,1,true
l280-16,c280,p16,2,false
l281-14,c281,p14,1,false
l282-01,c282,p01,2,false
l283-05,c283,p05,1,true
l284-17,c284,p17,1,false
l285-09,c285,p09,1,true
l286-14,c286,p14,2,false
l288-22,c288,p22,1,false
l287-08,c287,p08,1,false
l289-12,c289,p12,1,false
l290-22,c290,p22,2,true
l291-07,c291,p07,1,false
l292-15,c292,p15,1,true
l293-07,c293,p07,2,false
l294-09,c294,p09,2,true
l295-21,c295,p21,1,true
l296-01,c296,p01,2,false
l298-15,c298,p15,1,false
l299-11,c299,p11,2,false
l285-12,c285,p12,1,false
l288-07,c288,p07,1,false
l290-03,c290,p03,1,false
l289-19,c289,p19,1,false
l292-02,c292,p02,2,false
l294-19,c294,p19,2,false
l295-20,c295,p20,1,false
l296-22,c296,p22,2,false
l297-11,c297,p11,1,false
l300-10,c300,p10,1,false
l301-19,c301,p19,1,false
l302-17,c302,p17,2,false
l304-08,c304,p08,1,false
l303-17,c303,p17,1,false
l306-15,c306,p15,1,false
l307-03,c307,p03,2,false
l308-13,c308,p13,2,false
l309-13,c309,p13,1,false
l310-13,c310,p13,1,false
l311-13,c311,p13,2,true
l312-02,c312,p02,1,false
l313-17,c313,p17,2,false
l314-18,c314,p18,1,false
l315-04,c315,p04,2,true
l316-13,c316,p13,2,false
l317-15,c317,p15,1,false
l318-20,c318,p20,2,false
l319-11,c319,p11,2,true
l320-11,c320,p11,2,true
l321-10,c321,p10,1,true
l322-20,c322,p20,1,false
l323-07,c323,p07,2,false
l324-12,c324,p12,2,false
l325-14,c325,p14,2,true
l326-06,c326,p06,1,true
l326-07,c326,p07,1,false
l327-01,c327,p01,10,false
l319-19,c319,p19,2,false
l317-05,c317,p05,2,false
l313-06,c313,p06,2,true
l311-07,c311,p07,1,false
l320-22,c320,p22,2,false
l322-15,c322,p15,1,false
l329-02,c329,p02,1,false
l328-22,c328,p22,1,true
l330-03,c330,p03,1,false
l331-04,c331,p04,2,true
l332-19,c332,p19,1,false
l333-10,c333,p10,1,false
l335-15,c335,p15,1,true
l336-22,c336,p22,2,true
l334-12,c334,p12,1,false
l337-17,c337,p17,1,false
l339-21,c339,p21,2,true
l342-21,c342,p21,1,false
l341-04,c341,p04,2,false
l338-13,c338,p13,2,false
l340-07,c340,p07,2,true
l343-22,c343,p22,1,true
l344-19,c344,p19,1,false
l345-09,c345,p09,1,false
l347-18,c347,p18,1,true
l346-08,c346,p08,2,false
l348-03,c348,p03,2,false
l349-16,c349,p16,1,true
l350-21,c350,p21,1,false
l349-12,c349,p12,1,false
l350-13,c350,p13,2,false
l351-06,c351,p06,2,false
l352-11,c352,p11,1,true
l354-02,c354,p02,1,false
l355-18,c355,p18,1,false
l356-05,c356,p05,1,false
l357-05,c357,p05,2,true
l358-01,c358,p01,6,false
l359-20,c359,p20,4,true
l360-09,c360,p09,1,true
l361-22,c361,p22,2,false
l362-18,c362,p18,1,true
l364-09,c364,p09,1,true
l353-06,c353,p06,1,false
l363-22,c363,p22,2,false
l365-15,c365,p15,1,false
l366-08,c366,p08,1,false
l367-21,c367,p21,2,false
l368-06,c368,p06,2,true
l369-15,c369,p15,2,false
l370-11,c370,p11,10,true
l372-14,c372,p14,1,true
l373-17,c373,p17,1,false
l371-14,c371,p14,2,false
l374-01,c374,p01,2,false
l375-02,c375,p02,1,false
l376-21,c376,p21,1,false
l377-11,c377,p11,2,false
l378-10,c378,p10,2,true
l379-14,c379,p14,1,false
l380-01,c380,p01,1,false
l381-18,c381,p18,1,false
l383-08,c383,p08,2,false
l384-14,c384,p14,1,true
l386-20,c386,p20,20,false
l387-12,c387,p12,1,false
l384-10,c384,p10,1,true
l391-07,c391,p07,1,false
l390-03,c390,p03,2,false
l392-09,c392,p09,1,true
l394-17,c394,p17,1,false
l395-21,c395,p21,6,false
l396-17,c396,p17,1,false
l397-06,c397,p06,1,true
l398-17,c398,p17,1,false
l399-06,c399,p06,2,false
l388-17,c388,p17,1,false
l389-12,c389,p12,2,false
l389-06,c389,p06,1,false
l390-04,c390,p04,2,false
,,p21,2,true
l400-02,c400,p02,1,false
l393-17,c393,p17,1,false
l402-07,c402,p07,2,false
l403-18,c403,p18,1,false
l401-16,c401,p16,2,false
l408-14,c408,p14,1,true
l409-13,c409,p13,2,true
l404-18,c404,p18,2,true
l405-16,c405,p16,2,false
l407-17,c407,p17,2,false
l406-17,c406,p17,2,false
l403-10,c403,p10,1,true
l404-04,c404,p04,1,false
l410-16,c410,p16,2,true
l408-09,c408,p09,1,false
l405-06,c405,p06,1,true
l404-12,c404,p12,1,false
l403-06,c403,p06,2,false
l401-17,c401,p17,1,false
l404-19,c404,p19,2,false
l404-17,c404,p17,1,false
l404-02,c404,p02,1,false
l406-14,c406,p14,2,true
l407-19,c407,p19,2,false
l393-05,c393,p05,1,true
l393-01,c393,p01,1,false
l393-14,c393,p14,1,false
l393-15,c393,p15,2,true
l393-13,c393,p13,1,false
l393-22,c393,p22,2,true
l370-12,c370,p12,1,false
l372-13,c372,p13,1,false
l372-05,c372,p05,2,true
l372-18,c372,p18,1,true
l375-15,c375,p15,1,false
l375-13,c375,p13,1,false
l375-21,c375,p21,2,true
l375-22,c375,p22,1,false
l375-12,c375,p12,2,false
l377-20,c377,p20,1,false
l378-09,c378,p09,1,true
l385-13,c385,p13,1,true
l385-09,c385,p09,1,false
l385-02,c385,p02,1,false
l385-19,c385,p19,1,false
l385-18,c385,p18,1,false
l382-20,c382,p20,2,true
l035-05,c035,p05,1,true
l035-11,c035,p11,1,true
l132-17,c132,p17,1,false
l132-13,c132,p13,1,false
l197-08,c197,p08,2,false
l216-14,c216,p14,2,true
l275-08,c275,p08,2,false
l276-17,c276,p17,2,false
l277-20,c277,p20,2,false
l305-05,c305,p05,1,false
l305-07,c305,p07,2,true
l305-12,c305,p12,2,false
l305-11,c305,p11,1,true
l305-17,c305,p17,1,false
l305-15,c305,p15,2,false
l305-16,c305,p16,2,true
l305-01,c305,p01,1,false
l305-13,c305,p13,1,false
l305-02,c305,p02,1,false
l305-18,c305,p18,1,true
l308-16,c308,p16,2,true
l310-20,c310,p20,1,false
l325-04,c325,p04,1,false
l325-19,c325,p19,1,false
l325-12,c325,p12,1,false
l325-16,c325,p16,2,true
l327-11,c327,p11,1,false
l352-14,c352,p14,2,false
l352-16,c352,p16,1,true
l357-21,c357,p21,1,false
l379-11,c379,p11,1,false
l379-16,c379,p16,1,true
l379-12,c379,p12,2,false
l379-21,c379,p21,2,true
l410-15,c410,p15,1,false
l409-02,c409,p02,2,false
l408-01,c408,p01,1,false
l406-05,c406,p05,1,false
l406-04,c406,p04,1,true
l409-14,c409,p14,2,true
l408-10,c408,p10,1,false
l410-20,c410,p20,4,true
l087-22,c087,p22,1,false
l087-16,c087,p16,1,true
l080-12,c080,p12,2,false
l080-13,c080,p13,2,false
l080-13,c080,p13,2,false
l105-12,c105,p12,2,false
l143-04,c143,p04,1,false
l143-08,c143,p08,2,false
l143-03,c143,p03,1,false
l044-01,c044,p01,1,false
,,,,false
,,,,false
l203-02,c203,p02,4,false
l203-11,c203,p11,1,false
l203-05,c203,p05,1,true